<?xml version="1.0" encoding="ascii"?>
<history><client name="pkg" version="1.122.2-56.2852"><args><arg><![CDATA[/BUILD_AREA/tools/2.3-b56-toolkit/pkg-toolkit-sunos-i386/pkg/bin/client.py]]></arg><arg><![CDATA[install]]></arg><arg><![CDATA[javadb-client]]></arg></args></client><operation end_time="20120711T193818Z" name="install" result="Succeeded" start_time="20120711T193818Z" userid="0" username="root"><start_state><![CDATA[UNEVALUATED:
+pkg:/javadb-client@10.8.1.2,5.10:20111107T225930Z
]]></start_state><end_state><![CDATA[None -> pkg:/javadb-client@10.8.1.2,5.10:20111107T225930Z
]]></end_state></operation></history>