<?xml version="1.0" encoding="ascii"?>
<history><client name="pkg" version="1.122.2-56.2852"><args><arg><![CDATA[/BUILD_AREA/tools/2.3-b56-toolkit/pkg-toolkit-sunos-i386/pkg/bin/client.py]]></arg><arg><![CDATA[install]]></arg><arg><![CDATA[mq-config-gf]]></arg></args></client><operation end_time="20120711T194245Z" name="install" result="Succeeded" start_time="20120711T194244Z" userid="0" username="root"><start_state><![CDATA[UNEVALUATED:
+pkg:/mq-config-gf@4.5.2,0-3.4:20120607T184055Z
]]></start_state><end_state><![CDATA[None -> pkg:/mq-config-gf@4.5.2,0-3.4:20120607T184055Z
]]></end_state></operation></history>