<?xml version="1.0" encoding="ascii"?>
<history><client name="pkg" version="1.122.2-56.2852"><args><arg><![CDATA[/BUILD_AREA/tools/2.3-b56-toolkit/pkg-toolkit-sunos-i386/pkg/bin/client.py]]></arg><arg><![CDATA[install]]></arg><arg><![CDATA[metro]]></arg></args></client><operation end_time="20120711T194236Z" name="install" result="Succeeded" start_time="20120711T194234Z" userid="0" username="root"><start_state><![CDATA[UNEVALUATED:
+pkg:/metro@2.2,0-13.1:20120711T191908Z
]]></start_state><end_state><![CDATA[None -> pkg:/metro@2.2,0-13.1:20120711T191908Z
]]></end_state></operation></history>